Workbook

Sheet Repos to Import
A1: Vercel imports: 30 projects, one per course
A2: Every course now owns its repo, so one repo becomes one project. Root Directory stays EMPTY, Framework Preset is Other, no build command. Paste each project's domain into the yellow column and the Course URLs tab fills itself in.
A3: GitHub repo | B3: Vercel project name | C3: Course | D3: Status | E3: Vercel domain (fill in) | F3: Notes
A4: change-that-sticks | B4: change-that-sticks | C4: Change That Sticks | D4: New repo | F4: Manager Voyage
A5: Coaching-for-Performance | B5: coaching-for-performance | C5: Coaching for Performance | D5: Existing | F5: Manager Voyage
A6: decisions-sharper | B6: decisions-sharper | C6: Decisions, Sharper | D6: New repo | F6: Manager Voyage
A7: delegating-rethought | B7: delegating-rethought | C7: Delegating, Rethought | D7: New repo | F7: Manager Voyage
A8: Emotional-Intelligence | B8: emotional-intelligence | C8: Emotional Intelligence & Interpersonal Skills | D8: Existing | F8: Manager Voyage
A9: feedback-ready | B9: feedback-ready | C9: Feedback, Ready | D9: New repo | F9: Manager Voyage
A10: hiring-human | B10: hiring-human | C10: Hiring, Human | D10: New repo | F10: Manager Voyage
A11: leading-the-shift | B11: leading-the-shift | C11: Leading the Shift | D11: New repo | F11: Manager Voyage
A12: making-it-normal | B12: making-it-normal | C12: Making It Normal | D12: New repo | F12: Manager Voyage
A13: Difficult_Conversations | B13: difficult-conversations | C13: Navigating Difficult Conversations | D13: Existing | F13: Manager Voyage
A14: people-data-safely | B14: people-data-safely | C14: People Data, Safely | D14: New repo | F14: Manager Voyage
A15: Presentation-Public-Speaking | B15: presentation-public-speaking | C15: Presentation & Public Speaking | D15: Existing | F15: Manager Voyage
... A33: AI-Advanced | B33: ai-advanced | C33: — | D33: Existing | F33: AI 201. Live, not carded on the library page.
A35: Yellow = you fill this in
A36: Format: working-smarter.vercel.app (no https://, no trailing slash)
A37: The old shared repos (estesstite, courses) are not listed: nothing needs to be served from them any more.

Sheet Course URLs
A1: Every course, every edition
A2: All 28 courses now use the same three paths, so the only thing that changes per course is the domain. Columns F to H build themselves from the Repos tab. I to K are today's GitHub Pages links, kept until the switch.
A3: Course | B3: Program | C3: Library filter | D3: Length | E3: Repo | F3: Classroom / | G3: Self-paced /web/ | H3: Facilitator /facilitator/ | I3: Classroom (live today) | J3: Self-paced (live today) | K3: Facilitator (live today)
A4: Change That Sticks | B4: Manager Voyage | C4: ai leadership | D4: Classroom 90 min · Self-paced ~45 min | E4: change-that-sticks | F4: =IFERROR(IF(INDEX('Repos to Import'!$E$4:$E$33,MATCH($E4,'Repos to Import'!$A$4:$A$33,0))="","","https://"&INDEX('Repos to Import'!$E$4:$E$33,MATCH($E4,'Repos to Import'!$A$4:$A$33,0))&"/"),"") | G4: =IFERROR(IF(INDEX('Repos to Import'!$E$4:$E$33,MATCH($E4,'Repos to Import'!$A$4:$A$33,0))="","","https://"&INDEX('Repos to Import'!$E$4:$E$33,MATCH($E4,'Repos to Import'!$A$4:$A$33,0))&"/web/"),"") | H4: =IFERROR(IF(INDEX('Repos to Import'!$E$4:$E$33,MATCH($E4,'Repos to Import'!$A$4:$A$33,0))="","","https://"&INDEX('Repos to Import'!$E$4:$E$33,MATCH($E4,'Repos to Import'!$A$4:$A$33,0))&"/facilitator/"),"") | I4: https://me5231979.github.io/Course_Library/courses/Change-Leadership-for-AI/ | J4: https://me5231979.github.io/Course_Library/courses/Change-Leadership-for-AI/web/ | K4: https://me5231979.github.io/Course_Library/courses/Change-Leadership-for-AI/facilitator/
A5: Coaching for Performance | B5: Manager Voyage | C5: leadership | D5: Classroom 90 min · Self-paced ~45 min | E5: Coaching-for-Performance | F5: =IFERROR(IF(INDEX('Repos to Import'!$E$4:$E$33,MATCH($E5,'Repos to Import'!$A$4:$A$33,0))="","","https://"&INDEX('Repos to Import'!$E$4:$E$33,MATCH($E5,'Repos to Import'!$A$4:$A$33,0))&"/"),"") | G5: =IFERROR(IF(INDEX('Repos to Import'!$E$4:$E$33,MATCH($E5,'Repos to Import'!$A$4:$A$33,0))="","","https://"&INDEX('Repos to Import'!$E$4:$E$33,MATCH($E5,'Repos to Import'!$A$4:$A$33,0))&"/web/"),"") | H5: =IFERROR(IF(INDEX('Repos to Import'!$E$4:$E$33,MATCH($E5,'Repos to Import'!$A$4:$A$33,0))="","","https://"&INDEX('Repos to Import'!$E$4:$E$33,MATCH($E5,'Repos to Import'!$A$4:$A$33,0))&"/facilitator/"),"") | I5: https://me5231979.github.io/Coaching-for-Performance/ | J5: https://me5231979.github.io/Coaching-for-Performance/web/ | K5: https://me5231979.github.io/Coaching-for-Performance/facilitator/
A6: Decisions, Sharper | B6: Manager Voyage | C6: ai leadership | D6: Classroom 45 min · Self-paced ~15 min | E6: decisions-sharper | F6: =IFERROR(IF(INDEX('Repos to Import'!$E$4:$E$33,MATCH($E6,'Repos to Import'!$A$4:$A$33,0))="","","https://"&INDEX('Repos to Import'!$E$4:$E$33,MATCH($E6,'Repos to Import'!$A$4:$A$33,0))&"/"),"") | G6: =IFERROR(IF(INDEX('Repos to Import'!$E$4:$E$33,MATCH($E6,'Repos to Import'!$A$4:$A$33,0))="","","https://"&INDEX('Repos to Import'!$E$4:$E$33,MATCH($E6,'Repos to Import'!$A$4:$A$33,0))&"/web/"),"") | H6: =IFERROR(IF(INDEX('Repos to Import'!$E$4:$E$33,MATCH($E6,'Repos to Import'!$A$4:$A$33,0))="","","https://"&INDEX('Repos to Import'!$E$4:$E$33,MATCH($E6,'Repos to Import'!$A$4:$A$33,0))&"/facilitator/"),"") | I6: https://me5231979.github.io/estesstite/learn/decisions-class/ | J6: https://me5231979.github.io/estesstite/learn/decisions/ | K6: https://me5231979.github.io/estesstite/learn/decisions-class/facilitator/
A7: Delegating, Rethought | B7: Manager Voyage | C7: ai leadership | D7: Classroom 90 min · Self-paced ~45 min | E7: delegating-rethought | F7: =IFERROR(IF(INDEX('Repos to Import'!$E$4:$E$33,MATCH($E7,'Repos to Import'!$A$4:$A$33,0))="","","https://"&INDEX('Repos to Import'!$E$4:$E$33,MATCH($E7,'Repos to Import'!$A$4:$A$33,0))&"/"),"") | G7: =IFERROR(IF(INDEX('Repos to Import'!$E$4:$E$33,MATCH($E7,'Repos to Import'!$A$4:$A$33,0))="","","https://"&INDEX('Repos to Import'!$E$4:$E$33,MATCH($E7,'Repos to Import'!$A$4:$A$33,0))&"/web/"),"") | H7: =IFERROR(IF(INDEX('Repos to Import'!$E$4:$E$33,MATCH($E7,'Repos to Import'!$A$4:$A$33,0))="","","https://"&INDEX('Repos to Import'!$E$4:$E$33,MATCH($E7,'Repos to Import'!$A$4:$A$33,0))&"/facilitator/"),"") | I7: https://me5231979.github.io/Course_Library/courses/Delegating-with-AI/ | J7: https://me5231979.github.io/Course_Library/courses/Delegating-with-AI/web/ | K7: https://me5231979.github.io/Course_Library/courses/Delegating-with-AI/facilitator/
A8: Emotional Intelligence & Interpersonal Skills | B8: Manager Voyage | C8: communication leadership | D8: Classroom 90 min · Self-paced ~45 min | E8: Emotional-Intelligence | F8: =IFERROR(IF(INDEX('Repos to Import'!$E$4:$E$33,MATCH($E8,'Repos to Import'!$A$4:$A$33,0))="","","https://"&INDEX('Repos to Import'!$E$4:$E$33,MATCH($E8,'Repos to Import'!$A$4:$A$33,0))&"/"),"") | G8: =IFERROR(IF(INDEX('Repos to Import'!$E$4:$E$33,MATCH($E8,'Repos to Import'!$A$4:$A$33,0))="","","https://"&INDEX('Repos to Import'!$E$4:$E$33,MATCH($E8,'Repos to Import'!$A$4:$A$33,0))&"/web/"),"") | H8: =IFERROR(IF(INDEX('Repos to Import'!$E$4:$E$33,MATCH($E8,'Repos to Import'!$A$4:$A$33,0))="","","https://"&INDEX('Repos to Import'!$E$4:$E$33,MATCH($E8,'Repos to Import'!$A$4:$A$33,0))&"/facilitator/"),"") | I8: https://me5231979.github.io/Emotional-Intelligence/ | J8: https://me5231979.github.io/Emotional-Intelligence/web/ | K8: https://me5231979.github.io/Emotional-Intelligence/facilitator/
A9: Feedback, Ready | B9: Manager Voyage | C9: ai leadership | D9: Classroom 40 min · Self-paced ~15 min | E9: feedback-ready | F9: =IFERROR(IF(INDEX('Repos to Import'!$E$4:$E$33,MATCH($E9,'Repos to Import'!$A$4:$A$33,0))="","","https://"&INDEX('Repos to Import'!$E$4:$E$33,MATCH($E9,'Repos to Import'!$A$4:$A$33,0))&"/"),"") | G9: =IFERROR(IF(INDEX('Repos to Import'!$E$4:$E$33,MATCH($E9,'Repos to Import'!$A$4:$A$33,0))="","","https://"&INDEX('Repos to Import'!$E$4:$E$33,MATCH($E9,'Repos to Import'!$A$4:$A$33,0))&"/web/"),"") | H9: =IFERROR(IF(INDEX('Repos to Import'!$E$4:$E$33,MATCH($E9,'Repos to Import'!$A$4:$A$33,0))="","","https://"&INDEX('Repos to Import'!$E$4:$E$33,MATCH($E9,'Repos to Import'!$A$4:$A$33,0))&"/facilitator/"),"") | I9: https://me5231979.github.io/Course_Library/ai-coaching-feedback/ | J9: https://me5231979.github.io/Course_Library/ai-coaching-feedback/web/ | K9: https://me5231979.github.io/Course_Library/ai-coaching-feedback/facilitator/
A10: Hiring, Human | B10: Manager Voyage | C10: ai leadership | D10: Classroom 90 min · Self-paced ~45 min | E10: hiring-human | F10: =IFERROR(IF(INDEX('Repos to Import'!$E$4:$E$33,MATCH($E10,'Repos to Import'!$A$4:$A$33,0))="","","https://"&INDEX('Repos to Import'!$E$4:$E$33,MATCH($E10,'Repos to Import'!$A$4:$A$33,0))&"/"),"") | G10: =IFERROR(IF(INDEX('Repos to Import'!$E$4:$E$33,MATCH($E10,'Repos to Import'!$A$4:$A$33,0))="","","https://"&INDEX('Repos to Import'!$E$4:$E$33,MATCH($E10,'Repos to Import'!$A$4:$A$33,0))&"/web/"),"") | H10: =IFERROR(IF(INDEX('Repos to Import'!$E$4:$E$33,MATCH($E10,'Repos to Import'!$A$4:$A$33,0))="","","https://"&INDEX('Repos to Import'!$E$4:$E$33,MATCH($E10,'Repos to Import'!$A$4:$A$33,0))&"/facilitator/"),"") | I10: https://me5231979.github.io/Course_Library/courses/Hiring-with-AI/ | J10: https://me5231979.github.io/Course_Library/courses/Hiring-with-AI/web/ | K10: https://me5231979.github.io/Course_Library/courses/Hiring-with-AI/facilitator/
A11: Leading the Shift | B11: Manager Voyage | C11: ai leadership | D11: Classroom 40 min · Self-paced ~15 min | E11: leading-the-shift | F11: =IFERROR(IF(INDEX('Repos to Import'!$E$4:$E$33,MATCH($E11,'Repos to Import'!$A$4:$A$33,0))="","","https://"&INDEX('Repos to Import'!$E$4:$E$33,MATCH($E11,'Repos to Import'!$A$4:$A$33,0))&"/"),"") | G11: =IFERROR(IF(INDEX('Repos to Import'!$E$4:$E$33,MATCH($E11,'Repos to Import'!$A$4:$A$33,0))="","","https://"&INDEX('Repos to Import'!$E$4:$E$33,MATCH($E11,'Repos to Import'!$A$4:$A$33,0))&"/web/"),"") | H11: =IFERROR(IF(INDEX('Repos to Import'!$E$4:$E$33,MATCH($E11,'Repos to Import'!$A$4:$A$33,0))="","","https://"&INDEX('Repos to Import'!$E$4:$E$33,MATCH($E11,'Repos to Import'!$A$4:$A$33,0))&"/facilitator/"),"") | I11: https://me5231979.github.io/Course_Library/leading-ai-adoption/ | J11: https://me5231979.github.io/Course_Library/leading-ai-adoption/web/ | K11: https://me5231979.github.io/Course_Library/leading-ai-adoption/facilitator/
A12: Making It Normal | B12: Manager Voyage | C12: ai leadership | D12: Classroom 90 min · Self-paced ~45 min | E12: making-it-normal | F12: =IFERROR(IF(INDEX('Repos to Import'!$E$4:$E$33,MATCH($E12,'Repos to Import'!$A$4:$A$33,0))="","","https://"&INDEX('Repos to Import'!$E$4:$E$33,MATCH($E12,'Repos to Import'!$A$4:$A$33,0))&"/"),"") | G12: =IFERROR(IF(INDEX('Repos to Import'!$E$4:$E$33,MATCH($E12,'Repos to Import'!$A$4:$A$33,0))="","","https://"&INDEX('Repos to Import'!$E$4:$E$33,MATCH($E12,'Repos to Import'!$A$4:$A$33,0))&"/web/"),"") | H12: =IFERROR(IF(INDEX('Repos to Import'!$E$4:$E$33,MATCH($E12,'Repos to Import'!$A$4:$A$33,0))="","","https://"&INDEX('Repos to Import'!$E$4:$E$33,MATCH($E12,'Repos to Import'!$A$4:$A$33,0))&"/facilitator/"),"") | I12: https://me5231979.github.io/Course_Library/courses/Leading-AI-Adoption/ | J12: https://me5231979.github.io/Course_Library/courses/Leading-AI-Adoption/web/ | K12: https://me5231979.github.io/Course_Library/courses/Leading-AI-Adoption/facilitator/
A13: Navigating Difficult Conversations | B13: Manager Voyage | C13: communication leadership | D13: Classroom 90 min · Self-paced ~45 min | E13: Difficult_Conversations | F13: =IFERROR(IF(INDEX('Repos to Import'!$E$4:$E$33,MATCH($E13,'Repos to Import'!$A$4:$A$33,0))="","","https://"&INDEX('Repos to Import'!$E$4:$E$33,MATCH($E13,'Repos to Import'!$A$4:$A$33,0))&"/"),"") | G13: =IFERROR(IF(INDEX('Repos to Import'!$E$4:$E$33,MATCH($E13,'Repos to Import'!$A$4:$A$33,0))="","","https://"&INDEX('Repos to Import'!$E$4:$E$33,MATCH($E13,'Repos to Import'!$A$4:$A$33,0))&"/web/"),"") | H13: =IFERROR(IF(INDEX('Repos to Import'!$E$4:$E$33,MATCH($E13,'Repos to Import'!$A$4:$A$33,0))="","","https://"&INDEX('Repos to Import'!$E$4:$E$33,MATCH($E13,'Repos to Import'!$A$4:$A$33,0))&"/facilitator/"),"") | I13: https://me5231979.github.io/Difficult_Conversations/ | J13: https://me5231979.github.io/Difficult_Conversations/web/ | K13: https://me5231979.github.io/Difficult_Conversations/facilitator/
A14: People Data, Safely | B14: Manager Voyage | C14: ai leadership | D14: Classroom 90 min · Self-paced ~45 min | E14: people-data-safely | F14: =IFERROR(IF(INDEX('Repos to Import'!$E$4:$E$33,MATCH($E14,'Repos to Import'!$A$4:$A$33,0))="","","https://"&INDEX('Repos to Import'!$E$4:$E$33,MATCH($E14,'Repos to Import'!$A$4:$A$33,0))&"/"),"") | G14: =IFERROR(IF(INDEX('Repos to Import'!$E$4:$E$33,MATCH($E14,'Repos to Import'!$A$4:$A$33,0))="","","https://"&INDEX('Repos to Import'!$E$4:$E$33,MATCH($E14,'Repos to Import'!$A$4:$A$33,0))&"/web/"),"") | H14: =IFERROR(IF(INDEX('Repos to Import'!$E$4:$E$33,MATCH($E14,'Repos to Import'!$A$4:$A$33,0))="","","https://"&INDEX('Repos to Import'!$E$4:$E$33,MATCH($E14,'Repos to Import'!$A$4:$A$33,0))&"/facilitator/"),"") | I14: https://me5231979.github.io/Course_Library/courses/People-Data-with-AI/ | J14: https://me5231979.github.io/Course_Library/courses/People-Data-with-AI/web/ | K14: https://me5231979.github.io/Course_Library/courses/People-Data-with-AI/facilitator/
A15: Presentation & Public Speaking | B15: Manager Voyage | C15: communication leadership | D15: Classroom 90 min · Self-paced ~45 min | E15: Presentation-Public-Speaking | F15: =IFERROR(IF(INDEX('Repos to Import'!$E$4:$E$33,MATCH($E15,'Repos to Import'!$A$4:$A$33,0))="","","https://"&INDEX('Repos to Import'!$E$4:$E$33,MATCH($E15,'Repos to Import'!$A$4:$A$33,0))&"/"),"") | G15: =IFERROR(IF(INDEX('Repos to Import'!$E$4:$E$33,MATCH($E15,'Repos to Import'!$A$4:$A$33,0))="","","https://"&INDEX('Repos to Import'!$E$4:$E$33,MATCH($E15,'Repos to Import'!$A$4:$A$33,0))&"/web/"),"") | H15: =IFERROR(IF(INDEX('Repos to Import'!$E$4:$E$33,MATCH($E15,'Repos to Import'!$A$4:$A$33,0))="","","https://"&INDEX('Repos to Import'!$E$4:$E$33,MATCH($E15,'Repos to Import'!$A$4:$A$33,0))&"/facilitator/"),"") | I15: https://me5231979.github.io/Presentation-Public-Speaking/ | J15: https://me5231979.github.io/Presentation-Public-Speaking/web/ | K15: https://me5231979.github.io/Presentation-Public-Speaking/facilitator/
... A31: HCM Essentials | B31: Standalone | C31: leadership | D31: Classroom 90 min · Self-paced ~45 min | E31: HCM_Education | F31: =IFERROR(IF(INDEX('Repos to Import'!$E$4:$E$33,MATCH($E31,'Repos to Import'!$A$4:$A$33,0))="","","https://"&INDEX('Repos to Import'!$E$4:$E$33,MATCH($E31,'Repos to Import'!$A$4:$A$33,0))&"/"),"") | G31: =IFERROR(IF(INDEX('Repos to Import'!$E$4:$E$33,MATCH($E31,'Repos to Import'!$A$4:$A$33,0))="","","https://"&INDEX('Repos to Import'!$E$4:$E$33,MATCH($E31,'Repos to Import'!$A$4:$A$33,0))&"/web/"),"") | H31: =IFERROR(IF(INDEX('Repos to Import'!$E$4:$E$33,MATCH($E31,'Repos to Import'!$A$4:$A$33,0))="","","https://"&INDEX('Repos to Import'!$E$4:$E$33,MATCH($E31,'Repos to Import'!$A$4:$A$33,0))&"/facilitator/"),"") | I31: https://me5231979.github.io/HCM_Education/ | J31: https://me5231979.github.io/HCM_Education/web/ | K31: https://me5231979.github.io/HCM_Education/facilitator/

Sheet What Moved
A1: The 20 courses that moved, and where they came from
A2: Content is already pushed to every repo below and each was opened in a browser first. The old locations still serve the live site, so nothing is broken while you import.
A3: Course | B3: New repo | C3: Came from | D3: Change on the way in
A4: Change That Sticks | B4: change-that-sticks | C4: Course_Library/courses/Change-Leadership-for-AI/ | D4: Copied as-is; fixed a facilitator link and the 404 page's old host paths
A5: Decisions, Sharper | B5: decisions-sharper | C5: courses/decisions-class/ + courses/decisions/ | D5: Restructured to /, /web/, /facilitator/ and given its own copy of the shared assets
A6: Delegating, Rethought | B6: delegating-rethought | C6: Course_Library/courses/Delegating-with-AI/ | D6: Copied as-is; fixed a facilitator link and the 404 page's old host paths
A7: Feedback, Ready | B7: feedback-ready | C7: Course_Library/ai-coaching-feedback/ | D7: Copied as-is; fixed a facilitator link and the 404 page's old host paths
A8: Hiring, Human | B8: hiring-human | C8: Course_Library/courses/Hiring-with-AI/ | D8: Copied as-is; fixed a facilitator link and the 404 page's old host paths
A9: Leading the Shift | B9: leading-the-shift | C9: Course_Library/leading-ai-adoption/ | D9: Copied as-is; fixed a facilitator link and the 404 page's old host paths
A10: Making It Normal | B10: making-it-normal | C10: Course_Library/courses/Leading-AI-Adoption/ | D10: Copied as-is; fixed a facilitator link and the 404 page's old host paths
A11: People Data, Safely | B11: people-data-safely | C11: Course_Library/courses/People-Data-with-AI/ | D11: Copied as-is; fixed a facilitator link and the 404 page's old host paths
A12: Talent Calls, Sharper | B12: talent-calls-sharper | C12: Course_Library/ai-talent-decisions/ | D12: Copied as-is; fixed a facilitator link and the 404 page's old host paths
A13: Across Your Week | B13: across-your-week | C13: Course_Library/courses/AI-Across-Your-Week/ | D13: Copied as-is; fixed a facilitator link and the 404 page's old host paths
A14: Admin, Automated | B14: admin-automated | C14: Course_Library/courses/Admin-Automated/ | D14: Copied as-is; fixed a facilitator link and the 404 page's old host paths
... A23: Working Smarter | B23: working-smarter | C23: courses/classroom/ + courses/ (root) | D23: Restructured to /, /web/, /facilitator/ and given its own copy of the shared assets
A25: Still to do, once the domains exist
A26: Run tools/relink.py in Course_Library: six CHART courses link to Working Smarter across domains now, 117 links in total. The script rewrites them all.
A27: Update the catalog cards in Course_Library to the new domains.
A28: Then the old shared repos (estesstite, courses) and the nested copies inside Course_Library can be retired.

Sheet Setup Checklist
A1: Importing and running these sites
A4: ONE-COMMAND IMPORT
A5: 1 | B5: Make a token | C5: Vercel > Account Settings > Tokens, scoped to the FLH team.
A6: 2 | B6: Run it | C6: export VERCEL_TOKEN=... then python3 tools/vercel-import.py
C7: In Course_Library/tools/. Creates all 30 projects and triggers the first deploy.
C8: Safe to re-run: existing projects are skipped. --dry-run shows the plan.
A10: OR BY HAND, PER REPO
A11: 1 | B11: Add New > Project | C11: Pick the repo from the Repos tab.
A12: 2 | B12: Framework Preset | C12: Other
A13: 3 | B13: Root Directory | C13: LEAVE EMPTY. This is what serves all three editions.
A14: 4 | B14: Build and Output | C14: No build command, no output directory. Pre-generated files.
A15: 5 | B15: Deploy | C15: Then paste the domain into the yellow column on the Repos tab.
A17: CHECK ON EVERY PROJECT
A18: a | B18: Production Branch | C18: Settings > Git. Must be main.
A19: b | B19: Deployment Protection | C19: Vercel Authentication = Only Preview Deployments.
C20: Otherwise learners scanning a QR code hit a sign-in wall.
A21: c | B21: Open in a private window | C21: The real test. If it asks you to sign in, fix (b).
A23: AFTER THE DOMAINS EXIST
A24: 1 | B24: Relink | C24: python3 tools/relink.py --working-smarter <domain>
C25: Six CHART courses link to Working Smarter across domains now.
A26: 2 | B26: Catalog | C26: Point the Course_Library cards at the new domains.
A27: 3 | B27: Facilitator QR codes | C27: They encode learner URLs; regenerate after the sweep.
A28: 4 | B28: Retire the old | C28: estesstite, the courses repo, and the nested copies in Course_Library. Only after the new domains are verified.
A30: WORTH KNOWING
B31: Custom domain | C31: Vercel's free names get random suffixes because good ones are taken globally. Your own domain is the permanent fix and makes printed QR codes safe forever.
B32: Private repos | C32: Safe now. GitHub Pages cannot serve private repos; Vercel can.
B33: One engine, 28 repos | C33: A shared-engine change now has to be replayed per repo. The vu-course-builder skill is what keeps that manageable.
